都道府県,事務所名,事務所番号,画像データ,alt属性,altタグ
東京,税理士法人熊代事務所,3662,税理士法人熊代事務所,税理士法人熊代事務所の画像,"<img src =""税理士法人熊代事務所"" alt= ""税理士法人熊代事務所の画像"">"
東京,税理士法人フォーエイト,31077,税理士法人フォーエイト,税理士法人フォーエイトの画像,"<img src =""税理士法人フォーエイト"" alt= ""税理士法人フォーエイトの画像"">"
東京,下川・木地税理士法人,5856,下川・木地税理士法人,下川・木地税理士法人の画像,"<img src =""下川・木地税理士法人"" alt= ""下川・木地税理士法人の画像"">"
東京,TradeTax国際税務会計事務所,3661,TradeTax国際税務会計事務所,TradeTax国際税務会計事務所の画像,"<img src =""TradeTax国際税務会計事務所"" alt= ""TradeTax国際税務会計事務所の画像"">"
東京,大森順子税理士事務所 （東京 八王子市）,40235,大森順子税理士事務所 （東京 八王子市）,大森順子税理士事務所 （東京 八王子市）の画像,"<img src =""大森順子税理士事務所 （東京 八王子市）"" alt= ""大森順子税理士事務所 （東京 八王子市）の画像"">"
東京,唐澤会計事務所,41911,唐澤会計事務所,唐澤会計事務所の画像,"<img src =""唐澤会計事務所"" alt= ""唐澤会計事務所の画像"">"
東京,牛久会計事務所,37805,牛久会計事務所,牛久会計事務所の画像,"<img src =""牛久会計事務所"" alt= ""牛久会計事務所の画像"">"
東京,田園調布坂上事務所,35963,田園調布坂上事務所,田園調布坂上事務所の画像,"<img src =""田園調布坂上事務所"" alt= ""田園調布坂上事務所の画像"">"
東京,植崎紳矢税理士・不動産鑑定士事務所,34860,植崎紳矢税理士・不動産鑑定士事務所,植崎紳矢税理士・不動産鑑定士事務所の画像,"<img src =""植崎紳矢税理士・不動産鑑定士事務所"" alt= ""植崎紳矢税理士・不動産鑑定士事務所の画像"">"
東京,土公文平税理士事務所,39790,土公文平税理士事務所,土公文平税理士事務所の画像,"<img src =""土公文平税理士事務所"" alt= ""土公文平税理士事務所の画像"">"
群馬,税理士法人田子会計事務所,42624,税理士法人田子会計事務所,税理士法人田子会計事務所の画像,"<img src =""税理士法人田子会計事務所"" alt= ""税理士法人田子会計事務所の画像"">"
群馬,並木一真税理士事務所,42786,並木一真税理士事務所,並木一真税理士事務所の画像,"<img src =""並木一真税理士事務所"" alt= ""並木一真税理士事務所の画像"">"
群馬,有限会社 山田会計,43138,有限会社 山田会計,有限会社 山田会計の画像,"<img src =""有限会社 山田会計"" alt= ""有限会社 山田会計の画像"">"
群馬,清水会計事務所,42625,清水会計事務所,清水会計事務所の画像,"<img src =""清水会計事務所"" alt= ""清水会計事務所の画像"">"
群馬,人見潤税理士事務所（高崎市）,42430,人見潤税理士事務所（高崎市）,人見潤税理士事務所（高崎市）の画像,"<img src =""人見潤税理士事務所（高崎市）"" alt= ""人見潤税理士事務所（高崎市）の画像"">"
群馬,小林正巳税理士事務所,42431,小林正巳税理士事務所,小林正巳税理士事務所の画像,"<img src =""小林正巳税理士事務所"" alt= ""小林正巳税理士事務所の画像"">"
群馬,島津会計税理士法人,42432,島津会計税理士法人,島津会計税理士法人の画像,"<img src =""島津会計税理士法人"" alt= ""島津会計税理士法人の画像"">"
群馬,福田秀幸税理士事務所,42928,福田秀幸税理士事務所,福田秀幸税理士事務所の画像,"<img src =""福田秀幸税理士事務所"" alt= ""福田秀幸税理士事務所の画像"">"
群馬,内田経理事務所,42929,内田経理事務所,内田経理事務所の画像,"<img src =""内田経理事務所"" alt= ""内田経理事務所の画像"">"
群馬,毛見会計事務所,42627,毛見会計事務所,毛見会計事務所の画像,"<img src =""毛見会計事務所"" alt= ""毛見会計事務所の画像"">"
茨城,税理士法人タックスアドバイザーズ 関信越支部,43616,税理士法人タックスアドバイザーズ 関信越支部,税理士法人タックスアドバイザーズ 関信越支部の画像,"<img src =""税理士法人タックスアドバイザーズ 関信越支部"" alt= ""税理士法人タックスアドバイザーズ 関信越支部の画像"">"
茨城,税理士法人あけぼの会計,43372,税理士法人あけぼの会計,税理士法人あけぼの会計の画像,"<img src =""税理士法人あけぼの会計"" alt= ""税理士法人あけぼの会計の画像"">"
茨城,創和会計　久保和之税理士事務所,43150,創和会計　久保和之税理士事務所,創和会計　久保和之税理士事務所の画像,"<img src =""創和会計　久保和之税理士事務所"" alt= ""創和会計　久保和之税理士事務所の画像"">"
茨城,鈴木恒夫税理士事務所,43620,鈴木恒夫税理士事務所,鈴木恒夫税理士事務所の画像,"<img src =""鈴木恒夫税理士事務所"" alt= ""鈴木恒夫税理士事務所の画像"">"
茨城,柳田宜身税理士事務所,43733,柳田宜身税理士事務所,柳田宜身税理士事務所の画像,"<img src =""柳田宜身税理士事務所"" alt= ""柳田宜身税理士事務所の画像"">"
茨城,原口 哲也税理士事務所,43151,原口 哲也税理士事務所,原口 哲也税理士事務所の画像,"<img src =""原口 哲也税理士事務所"" alt= ""原口 哲也税理士事務所の画像"">"
茨城,えびはら会計（海老原友紀子税理士事務所）,43555,えびはら会計（海老原友紀子税理士事務所）,えびはら会計（海老原友紀子税理士事務所）の画像,"<img src =""えびはら会計（海老原友紀子税理士事務所）"" alt= ""えびはら会計（海老原友紀子税理士事務所）の画像"">"
茨城,小野瀬・木下税理士法人 ひたちなか支店,43619,小野瀬・木下税理士法人 ひたちなか支店,小野瀬・木下税理士法人 ひたちなか支店の画像,"<img src =""小野瀬・木下税理士法人 ひたちなか支店"" alt= ""小野瀬・木下税理士法人 ひたちなか支店の画像"">"
茨城,湯原税務会計事務所,43304,湯原税務会計事務所,湯原税務会計事務所の画像,"<img src =""湯原税務会計事務所"" alt= ""湯原税務会計事務所の画像"">"
茨城,原田利秋税理士事務所,43666,原田利秋税理士事務所,原田利秋税理士事務所の画像,"<img src =""原田利秋税理士事務所"" alt= ""原田利秋税理士事務所の画像"">"
埼玉,佐久間会計事務所,43916,佐久間会計事務所,佐久間会計事務所の画像,"<img src =""佐久間会計事務所"" alt= ""佐久間会計事務所の画像"">"
埼玉,山取大希税理士事務所,45140,山取大希税理士事務所,山取大希税理士事務所の画像,"<img src =""山取大希税理士事務所"" alt= ""山取大希税理士事務所の画像"">"
埼玉,小西智秀税理士事務所,44047,小西智秀税理士事務所,小西智秀税理士事務所の画像,"<img src =""小西智秀税理士事務所"" alt= ""小西智秀税理士事務所の画像"">"
埼玉,税理士濱野絢也事務所,43917,税理士濱野絢也事務所,税理士濱野絢也事務所の画像,"<img src =""税理士濱野絢也事務所"" alt= ""税理士濱野絢也事務所の画像"">"
埼玉,おくずみ税務会計事務所,43919,おくずみ税務会計事務所,おくずみ税務会計事務所の画像,"<img src =""おくずみ税務会計事務所"" alt= ""おくずみ税務会計事務所の画像"">"
埼玉,中央みらい会計事務所,43922,中央みらい会計事務所,中央みらい会計事務所の画像,"<img src =""中央みらい会計事務所"" alt= ""中央みらい会計事務所の画像"">"
埼玉,長岡税務会計事務所,44982,長岡税務会計事務所,長岡税務会計事務所の画像,"<img src =""長岡税務会計事務所"" alt= ""長岡税務会計事務所の画像"">"
埼玉,関田和弘税理士事務所,44983,関田和弘税理士事務所,関田和弘税理士事務所の画像,"<img src =""関田和弘税理士事務所"" alt= ""関田和弘税理士事務所の画像"">"
埼玉,井上文雄税理士事務所,46066,井上文雄税理士事務所,井上文雄税理士事務所の画像,"<img src =""井上文雄税理士事務所"" alt= ""井上文雄税理士事務所の画像"">"
埼玉,小池税理士事務所,46385,小池税理士事務所,小池税理士事務所の画像,"<img src =""小池税理士事務所"" alt= ""小池税理士事務所の画像"">"
神奈川,三浦清勝税理士事務所(横浜市）,46731,三浦清勝税理士事務所(横浜市）,三浦清勝税理士事務所(横浜市）の画像,"<img src =""三浦清勝税理士事務所(横浜市）"" alt= ""三浦清勝税理士事務所(横浜市）の画像"">"
神奈川,税理士田中聡一事務所,48272,税理士田中聡一事務所,税理士田中聡一事務所の画像,"<img src =""税理士田中聡一事務所"" alt= ""税理士田中聡一事務所の画像"">"
神奈川,高橋一彦税理士事務所（横浜市）,46732,高橋一彦税理士事務所（横浜市）,高橋一彦税理士事務所（横浜市）の画像,"<img src =""高橋一彦税理士事務所（横浜市）"" alt= ""高橋一彦税理士事務所（横浜市）の画像"">"
神奈川,大場尚之税理士事務所,50170,大場尚之税理士事務所,大場尚之税理士事務所の画像,"<img src =""大場尚之税理士事務所"" alt= ""大場尚之税理士事務所の画像"">"
神奈川,小田隆一税理士事務所,49622,小田隆一税理士事務所,小田隆一税理士事務所の画像,"<img src =""小田隆一税理士事務所"" alt= ""小田隆一税理士事務所の画像"">"
神奈川,税理士・司法書士・社会保険労務士・行政書士　ＴＯＴＡＬ　横浜本部,46734,税理士・司法書士・社会保険労務士・行政書士　ＴＯＴＡＬ　横浜本部,税理士・司法書士・社会保険労務士・行政書士　ＴＯＴＡＬ　横浜本部の画像,"<img src =""税理士・司法書士・社会保険労務士・行政書士　ＴＯＴＡＬ　横浜本部"" alt= ""税理士・司法書士・社会保険労務士・行政書士　ＴＯＴＡＬ　横浜本部の画像"">"
神奈川,佐々木会計事務所,49949,佐々木会計事務所,佐々木会計事務所の画像,"<img src =""佐々木会計事務所"" alt= ""佐々木会計事務所の画像"">"
神奈川,税理士法人タックス・ケア,50051,税理士法人タックス・ケア,税理士法人タックス・ケアの画像,"<img src =""税理士法人タックス・ケア"" alt= ""税理士法人タックス・ケアの画像"">"
神奈川,島田＆アソシエイツ国際税理士事務所,46735,島田＆アソシエイツ国際税理士事務所,島田＆アソシエイツ国際税理士事務所の画像,"<img src =""島田＆アソシエイツ国際税理士事務所"" alt= ""島田＆アソシエイツ国際税理士事務所の画像"">"
神奈川,鴨下浩司税理士事務所,46736,鴨下浩司税理士事務所,鴨下浩司税理士事務所の画像,"<img src =""鴨下浩司税理士事務所"" alt= ""鴨下浩司税理士事務所の画像"">"
栃木,ファーストアカウンティング江原会計,50889,ファーストアカウンティング江原会計 ,ファーストアカウンティング江原会計の画像,"<img src =""ファーストアカウンティング江原会計"" alt= ""ファーストアカウンティング江原会計の画像"">"
栃木,田港大輔税理士事務所,50670,田港大輔税理士事務所,田港大輔税理士事務所の画像,"<img src =""田港大輔税理士事務所"" alt= ""田港大輔税理士事務所の画像"">"
栃木,金田崇税理士事務所,50672,金田崇税理士事務所,金田崇税理士事務所の画像,"<img src =""金田崇税理士事務所"" alt= ""金田崇税理士事務所の画像"">"
栃木,柳田税経事務所,51017,柳田税経事務所,柳田税経事務所の画像,"<img src =""柳田税経事務所"" alt= ""柳田税経事務所の画像"">"
栃木,税理士法人アミック,50673,税理士法人アミック,税理士法人アミックの画像,"<img src =""税理士法人アミック"" alt= ""税理士法人アミックの画像"">"
栃木,福島会計事務所,50963,福島会計事務所,福島会計事務所の画像,"<img src =""福島会計事務所"" alt= ""福島会計事務所の画像"">"
栃木,塩浜会計事務所,50674,塩浜会計事務所,塩浜会計事務所の画像,"<img src =""塩浜会計事務所"" alt= ""塩浜会計事務所の画像"">"
栃木,税理士法人あさひ,51020,税理士法人あさひ,税理士法人あさひの画像,"<img src =""税理士法人あさひ"" alt= ""税理士法人あさひの画像"">"
栃木,鈴木光男税理士事務所,50675,鈴木光男税理士事務所,鈴木光男税理士事務所の画像,"<img src =""鈴木光男税理士事務所"" alt= ""鈴木光男税理士事務所の画像"">"
千葉,細川経営経理事務所,52322,細川経営経理事務所,細川経営経理事務所の画像,"<img src =""細川経営経理事務所"" alt= ""細川経営経理事務所の画像"">"
千葉,税理士法人坂本会計,51302,税理士法人坂本会計,税理士法人坂本会計の画像,"<img src =""税理士法人坂本会計"" alt= ""税理士法人坂本会計の画像"">"
千葉,高橋敏則会計事務所,52927,高橋敏則会計事務所,高橋敏則会計事務所の画像,"<img src =""高橋敏則会計事務所"" alt= ""高橋敏則会計事務所の画像"">"
千葉,税理士・司法書士・社会保険労務士・行政書士　ＴＯＴＡＬ　船橋本部,51757,税理士・司法書士・社会保険労務士・行政書士　ＴＯＴＡＬ　船橋本部,税理士・司法書士・社会保険労務士・行政書士　ＴＯＴＡＬ　船橋本部の画像,"<img src =""税理士・司法書士・社会保険労務士・行政書士　ＴＯＴＡＬ　船橋本部"" alt= ""税理士・司法書士・社会保険労務士・行政書士　ＴＯＴＡＬ　船橋本部の画像"">"
千葉,小林税務会計事務所,53086,小林税務会計事務所,小林税務会計事務所の画像,"<img src =""小林税務会計事務所"" alt= ""小林税務会計事務所の画像"">"
千葉,西藤友美子税理士事務所,52542,西藤友美子税理士事務所,西藤友美子税理士事務所の画像,"<img src =""西藤友美子税理士事務所"" alt= ""西藤友美子税理士事務所の画像"">"
千葉,瀬川浩二税理士事務所　(千葉県成田市),53149,瀬川浩二税理士事務所　(千葉県成田市),瀬川浩二税理士事務所　(千葉県成田市)の画像,"<img src =""瀬川浩二税理士事務所　(千葉県成田市)"" alt= ""瀬川浩二税理士事務所　(千葉県成田市)の画像"">"
千葉,磯谷公認会計士税理士事務所,52083,磯谷公認会計士税理士事務所,磯谷公認会計士税理士事務所の画像,"<img src =""磯谷公認会計士税理士事務所"" alt= ""磯谷公認会計士税理士事務所の画像"">"
千葉,吉田宙税理士事務所,52472,吉田宙税理士事務所,吉田宙税理士事務所の画像,"<img src =""吉田宙税理士事務所"" alt= ""吉田宙税理士事務所の画像"">"
千葉,谷澤映吉税理士事務所(千葉市）,51304,谷澤映吉税理士事務所(千葉市）,谷澤映吉税理士事務所(千葉市）の画像,"<img src =""谷澤映吉税理士事務所(千葉市）"" alt= ""谷澤映吉税理士事務所(千葉市）の画像"">"
滋賀,酒屋就一税理士事務所(滋賀),8311,酒屋就一税理士事務所(滋賀),酒屋就一税理士事務所(滋賀)の画像,"<img src =""酒屋就一税理士事務所(滋賀)"" alt= ""酒屋就一税理士事務所(滋賀)の画像"">"
滋賀,山本哲平税理士事務所（大津市）,8027,山本哲平税理士事務所（大津市）,山本哲平税理士事務所（大津市）の画像,"<img src =""山本哲平税理士事務所（大津市）"" alt= ""山本哲平税理士事務所（大津市）の画像"">"
滋賀,國松慶太税理士事務所,8338,國松慶太税理士事務所,國松慶太税理士事務所の画像,"<img src =""國松慶太税理士事務所"" alt= ""國松慶太税理士事務所の画像"">"
滋賀,谷 正登税理士事務所,8209,谷 正登税理士事務所 ,谷 正登税理士事務所の画像,"<img src =""谷 正登税理士事務所"" alt= ""谷 正登税理士事務所の画像"">"
滋賀,わたなべ税理士事務所,8359,わたなべ税理士事務所 ,わたなべ税理士事務所の画像,"<img src =""わたなべ税理士事務所"" alt= ""わたなべ税理士事務所の画像"">"
滋賀,りゅうず税理士事務所,8030,りゅうず税理士事務所,りゅうず税理士事務所の画像,"<img src =""りゅうず税理士事務所"" alt= ""りゅうず税理士事務所の画像"">"
滋賀,公認会計士・税理士 梅山公認会計士事務所,8211,公認会計士・税理士 梅山公認会計士事務所,公認会計士・税理士 梅山公認会計士事務所の画像,"<img src =""公認会計士・税理士 梅山公認会計士事務所"" alt= ""公認会計士・税理士 梅山公認会計士事務所の画像"">"
滋賀,杉本総合会計,8360,杉本総合会計,杉本総合会計の画像,"<img src =""杉本総合会計"" alt= ""杉本総合会計の画像"">"
滋賀,大辻税理士法人,8163,大辻税理士法人,大辻税理士法人の画像,"<img src =""大辻税理士法人"" alt= ""大辻税理士法人の画像"">"
滋賀,山本哲郎税理士事務所,8033,山本哲郎税理士事務所,山本哲郎税理士事務所の画像,"<img src =""山本哲郎税理士事務所"" alt= ""山本哲郎税理士事務所の画像"">"
兵庫,税理士法人丸岡＆パートナーズ,9275,税理士法人丸岡＆パートナーズ,税理士法人丸岡＆パートナーズの画像,"<img src =""税理士法人丸岡＆パートナーズ"" alt= ""税理士法人丸岡＆パートナーズの画像"">"
兵庫,近江清秀公認会計士税理士事務所,8435,近江清秀公認会計士税理士事務所,近江清秀公認会計士税理士事務所の画像,"<img src =""近江清秀公認会計士税理士事務所"" alt= ""近江清秀公認会計士税理士事務所の画像"">"
兵庫,磯貝慎一郎税理士事務所,9776,磯貝慎一郎税理士事務所,磯貝慎一郎税理士事務所の画像,"<img src =""磯貝慎一郎税理士事務所"" alt= ""磯貝慎一郎税理士事務所の画像"">"
兵庫,税理士法人　入江会計事務所,8436,税理士法人　入江会計事務所,税理士法人　入江会計事務所の画像,"<img src =""税理士法人　入江会計事務所"" alt= ""税理士法人　入江会計事務所の画像"">"
兵庫,養父 郁与税理士事務所（神戸）,8476,養父 郁与税理士事務所（神戸） ,養父 郁与税理士事務所（神戸）の画像,"<img src =""養父 郁与税理士事務所（神戸）"" alt= ""養父 郁与税理士事務所（神戸）の画像"">"
兵庫,みそら税理士法人,8437,みそら税理士法人,みそら税理士法人の画像,"<img src =""みそら税理士法人"" alt= ""みそら税理士法人の画像"">"
兵庫,水池克明税理士事務所,8568,水池克明税理士事務所 ,水池克明税理士事務所の画像,"<img src =""水池克明税理士事務所"" alt= ""水池克明税理士事務所の画像"">"
兵庫,押田税理士事務所,8438,押田税理士事務所,押田税理士事務所の画像,"<img src =""押田税理士事務所"" alt= ""押田税理士事務所の画像"">"
兵庫,税理士法人阪神税務総合事務所,10319,税理士法人阪神税務総合事務所,税理士法人阪神税務総合事務所の画像,"<img src =""税理士法人阪神税務総合事務所"" alt= ""税理士法人阪神税務総合事務所の画像"">"
兵庫,ふくもと公認会計士・税理士事務所,10321,ふくもと公認会計士・税理士事務所,ふくもと公認会計士・税理士事務所の画像,"<img src =""ふくもと公認会計士・税理士事務所"" alt= ""ふくもと公認会計士・税理士事務所の画像"">"
京都,ひかり税理士法人,10701,ひかり税理士法人,ひかり税理士法人の画像,"<img src =""ひかり税理士法人"" alt= ""ひかり税理士法人の画像"">"
京都,藤原総合会計事務所,11996,藤原総合会計事務所,藤原総合会計事務所の画像,"<img src =""藤原総合会計事務所"" alt= ""藤原総合会計事務所の画像"">"
京都,さとう税理士事務所,10706,さとう税理士事務所,さとう税理士事務所の画像,"<img src =""さとう税理士事務所"" alt= ""さとう税理士事務所の画像"">"
奈良,税理士法人ＡＩ,12228,税理士法人ＡＩ,税理士法人ＡＩの画像,"<img src =""税理士法人ＡＩ"" alt= ""税理士法人ＡＩの画像"">"
奈良,竹林税理士事務所,12467,竹林税理士事務所,竹林税理士事務所の画像,"<img src =""竹林税理士事務所"" alt= ""竹林税理士事務所の画像"">"
奈良,野村晶子税理士事務所,12229,野村晶子税理士事務所,野村晶子税理士事務所の画像,"<img src =""野村晶子税理士事務所"" alt= ""野村晶子税理士事務所の画像"">"
奈良,丸橋隆宏税理士事務所,12716,丸橋隆宏税理士事務所,丸橋隆宏税理士事務所の画像,"<img src =""丸橋隆宏税理士事務所"" alt= ""丸橋隆宏税理士事務所の画像"">"
奈良,津村良樹税理士事務所,12230,津村良樹税理士事務所,津村良樹税理士事務所の画像,"<img src =""津村良樹税理士事務所"" alt= ""津村良樹税理士事務所の画像"">"
奈良,徳久亮太郎税理士事務所,12640,徳久亮太郎税理士事務所,徳久亮太郎税理士事務所の画像,"<img src =""徳久亮太郎税理士事務所"" alt= ""徳久亮太郎税理士事務所の画像"">"
奈良,及川健太税理士事務所,12461,及川健太税理士事務所,及川健太税理士事務所の画像,"<img src =""及川健太税理士事務所"" alt= ""及川健太税理士事務所の画像"">"
奈良,森村会計事務所,12496,森村会計事務所,森村会計事務所の画像,"<img src =""森村会計事務所"" alt= ""森村会計事務所の画像"">"
奈良,税理士法人SASGA,12468,税理士法人SASGA,税理士法人SASGAの画像,"<img src =""税理士法人SASGA"" alt= ""税理士法人SASGAの画像"">"
奈良,やまと総合会計事務所【税務調査対応・相続税・決算・確定申告】,12661,やまと総合会計事務所【税務調査対応・相続税・決算・確定申告】,やまと総合会計事務所【税務調査対応・相続税・決算・確定申告】の画像,"<img src =""やまと総合会計事務所【税務調査対応・相続税・決算・確定申告】"" alt= ""やまと総合会計事務所【税務調査対応・相続税・決算・確定申告】の画像"">"
大阪,コンサルティング＆サポート前田税理士事務所（大阪）,12731,コンサルティング＆サポート前田税理士事務所（大阪）,コンサルティング＆サポート前田税理士事務所（大阪）の画像,"<img src =""コンサルティング＆サポート前田税理士事務所（大阪）"" alt= ""コンサルティング＆サポート前田税理士事務所（大阪）の画像"">"
大阪,出間忠公税理士事務所,12756,出間忠公税理士事務所,出間忠公税理士事務所の画像,"<img src =""出間忠公税理士事務所"" alt= ""出間忠公税理士事務所の画像"">"
大阪,本西翼税理士事務所,19649,本西翼税理士事務所,本西翼税理士事務所の画像,"<img src =""本西翼税理士事務所"" alt= ""本西翼税理士事務所の画像"">"
大阪,はあとな総合税理士事務所（大阪市）,12732,はあとな総合税理士事務所（大阪市）,はあとな総合税理士事務所（大阪市）の画像,"<img src =""はあとな総合税理士事務所（大阪市）"" alt= ""はあとな総合税理士事務所（大阪市）の画像"">"
大阪,アクト経営会計事務所　税理士・社労士・診断士・行政書士,12734,アクト経営会計事務所　税理士・社労士・診断士・行政書士,アクト経営会計事務所　税理士・社労士・診断士・行政書士の画像,"<img src =""アクト経営会計事務所　税理士・社労士・診断士・行政書士"" alt= ""アクト経営会計事務所　税理士・社労士・診断士・行政書士の画像"">"
大阪,多田裕司税理士事務所,18258,多田裕司税理士事務所,多田裕司税理士事務所の画像,"<img src =""多田裕司税理士事務所"" alt= ""多田裕司税理士事務所の画像"">"
大阪,近藤会計事務所,18271,近藤会計事務所,近藤会計事務所の画像,"<img src =""近藤会計事務所"" alt= ""近藤会計事務所の画像"">"
大阪,税理士法人あおぞら　茨木事務所(大阪府),18781,税理士法人あおぞら　茨木事務所(大阪府),税理士法人あおぞら　茨木事務所(大阪府)の画像,"<img src =""税理士法人あおぞら　茨木事務所(大阪府)"" alt= ""税理士法人あおぞら　茨木事務所(大阪府)の画像"">"
大阪,川端宏明税理士事務所,12738,川端宏明税理士事務所,川端宏明税理士事務所の画像,"<img src =""川端宏明税理士事務所"" alt= ""川端宏明税理士事務所の画像"">"
